{
  "part_metadata": {
    "file_name": "0129317700-M2.ipt",
    "full_path": "C:\\Users\\hrish\\Downloads\\Assemblies for Training ML model\\Assembly 83\\Workspaces\\1096994921-M1\\0129317700-M2.ipt",
    "internal_name": "{3BF8EF19-40E2-0399-304F-ADBEDB377E58}",
    "units": "kMillimeterLengthUnits",
    "part_number": "0129317700-M2",
    "description": "",
    "material": "See Standards",
    "mass_kg": 1.0303967566497886E-07
  },
  "context_key_string": "nsIrpNQR6AFgAC2z7in7sAQAAB5AAADIMgIotS/9IIFFAwBkBQABAADtN0PA0xEdDmAAALgylIewAAABAQAAsS28CdARH+wACNywOz6oCQIBAACyBAAAAFQAZQBzAHQAd8Yns9pD5WuuEUOpRJRR/QD/////AAAAAAAABgBICM1Q4SAAYOo/XxjmxA==",
  "bounding_box": {
    "min": {
      "x": -0.70709592688197775,
      "y": -0.44500000000000006,
      "z": -0.44500000000000006
    },
    "max": {
      "x": -0.16136921399145232,
      "y": 0.44500000000000006,
      "z": 0.44500000000000006
    }
  },
  "faces": [
    {
      "transient_key": 2,
      "reference_key_string": "AQQDACAAAAAAAAAAAgAAAAEAAAADAAAABAAAAAYAAAAHAAAABgAAAA==",
      "surface_type": "kCylinderSurface",
      "area_cm2": 0.49719079930452836,
      "normal": [
        0.0,
        0.0,
        1.0
      ],
      "center": [
        -0.43423257043671504,
        0.0,
        -0.145
      ],
      "radius_cm": 0.145,
      "axis": [
        1.0,
        0.0,
        0.0
      ],
      "bbox_min": {
        "x": -0.70709592688197775,
        "y": -0.145,
        "z": -0.145
      },
      "bbox_max": {
        "x": -0.16136921399145232,
        "y": 0.145,
        "z": 0.145
      },
      "created_by_feature": "Extrusion2",
      "loops": [
        {
          "is_outer": true,
          "edge_reference_keys": [
            "AQQBABAAAAAAAAAAAgAAAAQAAAAGAAAA"
          ]
        },
        {
          "is_outer": true,
          "edge_reference_keys": [
            "AQQBABAAAAAAAAAAAgAAAAcAAAAGAAAA"
          ]
        }
      ]
    },
    {
      "transient_key": 5,
      "reference_key_string": "AQQDACAAAAAAAAAAAgAAAAgAAAADAAAACwAAAAYAAAAOAAAABgAAAA==",
      "surface_type": "kPlaneSurface",
      "area_cm2": 0.44115814838034689,
      "normal": [
        1.0,
        0.0,
        0.0
      ],
      "center": [
        -0.60709592688197778,
        0.0,
        0.0
      ],
      "bbox_min": {
        "x": -0.60709592688197778,
        "y": -0.44500000000000006,
        "z": -0.44500000000000006
      },
      "bbox_max": {
        "x": -0.60709592688197778,
        "y": 0.44500000000000006,
        "z": 0.44500000000000006
      },
      "created_by_feature": "Revolution1",
      "loops": [
        {
          "is_outer": false,
          "edge_reference_keys": [
            "AQQBABAAAAAAAAAAAgAAAAsAAAAGAAAA"
          ]
        },
        {
          "is_outer": true,
          "edge_reference_keys": [
            "AQQBABAAAAAAAAAAAgAAAA4AAAAGAAAA"
          ]
        }
      ]
    },
    {
      "transient_key": 8,
      "reference_key_string": "AQQDACAAAAAAAAAAAgAAAAoAAAADAAAAEQAAAAYAAAALAAAABgAAAA==",
      "surface_type": "kCylinderSurface",
      "area_cm2": 0.45238934211693027,
      "normal": [
        0.0,
        -1.0,
        1.2246467991473532E-16
      ],
      "center": [
        -0.45709592688197775,
        -0.24,
        2.9391523179536474E-17
      ],
      "radius_cm": 0.24,
      "axis": [
        1.0,
        0.0,
        0.0
      ],
      "bbox_min": {
        "x": -0.60709592688197778,
        "y": -0.24000000000000002,
        "z": -0.24000000000000002
      },
      "bbox_max": {
        "x": -0.30709592688197773,
        "y": 0.24000000000000002,
        "z": 0.24000000000000002
      },
      "created_by_feature": "Revolution1",
      "loops": [
        {
          "is_outer": true,
          "edge_reference_keys": [
            "AQQBABAAAAAAAAAAAgAAABEAAAAGAAAA"
          ]
        },
        {
          "is_outer": true,
          "edge_reference_keys": [
            "AQQBABAAAAAAAAAAAgAAAAsAAAAGAAAA"
          ]
        }
      ]
    },
    {
      "transient_key": 10,
      "reference_key_string": "AQQDACAAAAAAAAAAAgAAABAAAAADAAAAEwAAAAYAAAARAAAABgAAAA==",
      "surface_type": "kPlaneSurface",
      "area_cm2": 0.18221237390820805,
      "normal": [
        -1.0,
        0.0,
        0.0
      ],
      "center": [
        -0.30709592688197773,
        0.0,
        0.0
      ],
      "bbox_min": {
        "x": -0.30709592688197779,
        "y": -0.34,
        "z": -0.34
      },
      "bbox_max": {
        "x": -0.30709592688197773,
        "y": 0.34,
        "z": 0.34
      },
      "created_by_feature": "Revolution1",
      "loops": [
        {
          "is_outer": true,
          "edge_reference_keys": [
            "AQQBABAAAAAAAAAAAgAAABMAAAAGAAAA"
          ]
        },
        {
          "is_outer": false,
          "edge_reference_keys": [
            "AQQBABAAAAAAAAAAAgAAABEAAAAGAAAA"
          ]
        }
      ]
    },
    {
      "transient_key": 12,
      "reference_key_string": "AQQDACAAAAAAAAAAAgAAAAIAAAADAAAABAAAAAYAAAATAAAABgAAAA==",
      "surface_type": "kTorusSurface",
      "area_cm2": 0.401242252291698,
      "normal": [
        0.80103061770322026,
        0.0,
        -0.59862337867978177
      ],
      "center": [
        -0.21193190295695682,
        0.0,
        -0.25916565624148624
      ],
      "radius_cm": 0.091551110211147382,
      "minor_radius_cm": 0.27999999999999997,
      "axis": [
        1.0,
        0.0,
        0.0
      ],
      "bbox_min": {
        "x": -0.30709592688197779,
        "y": -0.34,
        "z": -0.34
      },
      "bbox_max": {
        "x": -0.16136921399145238,
        "y": 0.34,
        "z": 0.34
      },
      "created_by_feature": "Revolution1",
      "loops": [
        {
          "is_outer": true,
          "edge_reference_keys": [
            "AQQBABAAAAAAAAAAAgAAAAQAAAAGAAAA"
          ]
        },
        {
          "is_outer": true,
          "edge_reference_keys": [
            "AQQBABAAAAAAAAAAAgAAABMAAAAGAAAA"
          ]
        }
      ]
    },
    {
      "transient_key": 13,
      "reference_key_string": "AQQDACAAAAAAAAAAAgAAAAUAAAADAAAABwAAAAYAAAAVAAAABgAAAA==",
      "surface_type": "kPlaneSurface",
      "area_cm2": 0.30787608005180012,
      "normal": [
        -1.0,
        0.0,
        0.0
      ],
      "center": [
        -0.70709592688197775,
        0.0,
        -5.5511151231257827E-17
      ],
      "bbox_min": {
        "x": -0.70709592688197775,
        "y": -0.3450000000000002,
        "z": -0.3450000000000002
      },
      "bbox_max": {
        "x": -0.70709592688197775,
        "y": 0.3450000000000002,
        "z": 0.3450000000000002
      },
      "created_by_feature": "Revolution1",
      "loops": [
        {
          "is_outer": false,
          "edge_reference_keys": [
            "AQQBABAAAAAAAAAAAgAAAAcAAAAGAAAA"
          ]
        },
        {
          "is_outer": true,
          "edge_reference_keys": [
            "AQQBABAAAAAAAAAAAgAAABUAAAAGAAAA"
          ]
        }
      ]
    },
    {
      "transient_key": 15,
      "reference_key_string": "AQQDACAAAAAAAAAAAgAAAA0AAAADAAAADgAAAAYAAAAVAAAABgAAAA==",
      "surface_type": "kConeSurface",
      "area_cm2": 0.35098775211451083,
      "normal": [
        -0.70710678118654713,
        -0.70710678118654791,
        8.6595605623549378E-17
      ],
      "center": [
        -0.65709592688197782,
        -0.39500000000000013,
        4.8373548566320468E-17
      ],
      "radius_cm": 0.39500000000000013,
      "half_angle_rad": 0.78539816339744772,
      "axis": [
        1.0,
        0.0,
        0.0
      ],
      "bbox_min": {
        "x": -0.70709592688197775,