{
  "part_metadata": {
    "file_name": "0228100017-M1.ipt",
    "full_path": "C:\\Users\\hrish\\Downloads\\Assemblies for Training ML model\\Assembly 1\\0228100017-M1.ipt",
    "internal_name": "{1DEF3898-4DA8-074D-C212-FD8712AFA29C}",
    "units": "kMillimeterLengthUnits",
    "part_number": "0228100017-M1",
    "description": "",
    "material": "See Standards",
    "mass_kg": 0.014125205616480722
  },
  "context_key_string": "nsIrpNQR6AFgAC2z7in7sAQAAB5AAADIMgIotS/9IIFFAwBkBQABAADtN0PA0xEdDmAAALgylIewAAABAQAAsS28CdARH+wACNywOz6oCQIBAACyBAAAAFQAZQBzAHQARr5NsENC+UlTb6WDNeDJWAD/////AAAAAAAABgBICM1Q4SAAYOo/XxjmxA==",
  "bounding_box": {
    "min": {
      "x": -0.45000000000000007,
      "y": -0.099999999999999839,
      "z": -0.45000000000000007
    },
    "max": {
      "x": 0.45000000000000007,
      "y": 3.5,
      "z": 0.45000000000000007
    }
  },
  "faces": [
    {
      "transient_key": 23,
      "reference_key_string": "AQQCABgAAAAAAAAAAgAAAAEAAAADAAAABAAAAAYAAAA=",
      "surface_type": "kPlaneSurface",
      "area_cm2": 0.0078539816339744731,
      "normal": [
        0.0,
        -1.0,
        0.0
      ],
      "center": [
        3.4694469519536142E-18,
        -0.099999999999999256,
        -6.9388939039072284E-18
      ],
      "bbox_min": {
        "x": -0.049999999999999968,
        "y": -0.099999999999999839,
        "z": -0.049999999999999968
      },
      "bbox_max": {
        "x": 0.049999999999999968,
        "y": -0.099999999999999645,
        "z": 0.049999999999999968
      },
      "created_by_feature": "Revolution1",
      "loops": [
        {
          "is_outer": true,
          "edge_reference_keys": [
            "AQQBABAAAAAAAAAAAgAAAAQAAAAGAAAA"
          ]
        }
      ]
    },
    {
      "transient_key": 25,
      "reference_key_string": "AQQDACAAAAAAAAAAAgAAAAMAAAADAAAABwAAAAYAAAAEAAAABgAAAA==",
      "surface_type": "kCylinderSurface",
      "area_cm2": 0.031415926535897809,
      "normal": [
        1.0,
        0.0,
        1.2246467991473532E-16
      ],
      "center": [
        0.049999999999999975,
        -0.049999999999999822,
        6.1232339957367633E-18
      ],
      "radius_cm": 0.049999999999999975,
      "axis": [
        0.0,
        1.0,
        0.0
      ],
      "bbox_min": {
        "x": -0.049999999999999989,
        "y": -0.099999999999999839,
        "z": -0.049999999999999989
      },
      "bbox_max": {
        "x": 0.049999999999999989,
        "y": 1.6653345369377348E-16,
        "z": 0.049999999999999989
      },
      "created_by_feature": "Revolution1",
      "loops": [
        {
          "is_outer": true,
          "edge_reference_keys": [
            "AQQBABAAAAAAAAAAAgAAAAcAAAAGAAAA"
          ]
        },
        {
          "is_outer": true,
          "edge_reference_keys": [
            "AQQBABAAAAAAAAAAAgAAAAQAAAAGAAAA"
          ]
        }
      ]
    },
    {
      "transient_key": 27,
      "reference_key_string": "AQQDACAAAAAAAAAAAgAAAAYAAAADAAAACgAAAAYAAAAHAAAABgAAAA==",
      "surface_type": "kPlaneSurface",
      "area_cm2": 0.62831853071795873,
      "normal": [
        0.0,
        -1.0,
        0.0
      ],
      "center": [
        1.1102230246251565E-16,
        6.852204375073113E-17,
        -5.5511151231257827E-17
      ],
      "bbox_min": {
        "x": -0.45,
        "y": -2.9489366192311221E-17,
        "z": -0.45
      },
      "bbox_max": {
        "x": 0.45,
        "y": 1.6653345369377348E-16,
        "z": 0.45
      },
      "created_by_feature": "Revolution1",
      "loops": [
        {
          "is_outer": true,
          "edge_reference_keys": [
            "AQQBABAAAAAAAAAAAgAAAAoAAAAGAAAA"
          ]
        },
        {
          "is_outer": false,
          "edge_reference_keys": [
            "AQQBABAAAAAAAAAAAgAAAAcAAAAGAAAA"
          ]
        }
      ]
    },
    {
      "transient_key": 29,
      "reference_key_string": "AQQDACAAAAAAAAAAAgAAAAkAAAADAAAADQAAAAYAAAAKAAAABgAAAA==",
      "surface_type": "kCylinderSurface",
      "area_cm2": 0.33929200658769548,
      "normal": [
        1.0,
        0.0,
        1.2246467991473532E-16
      ],
      "center": [
        0.45000000000000007,
        0.059999999999999609,
        5.51091059616309E-17
      ],
      "radius_cm": 0.45000000000000007,
      "axis": [
        0.0,
        1.0,
        0.0
      ],
      "bbox_min": {
        "x": -0.45000000000000007,
        "y": -2.9489366192311221E-17,
        "z": -0.45000000000000007
      },
      "bbox_max": {
        "x": 0.45000000000000007,
        "y": 0.11999999999999922,
        "z": 0.45000000000000007
      },
      "created_by_feature": "Revolution1",
      "loops": [
        {
          "is_outer": true,
          "edge_reference_keys": [
            "AQQBABAAAAAAAAAAAgAAAA0AAAAGAAAA"
          ]
        },
        {
          "is_outer": true,
          "edge_reference_keys": [
            "AQQBABAAAAAAAAAAAgAAAAoAAAAGAAAA"
          ]
        }
      ]
    },
    {
      "transient_key": 31,
      "reference_key_string": "AQQDACAAAAAAAAAAAgAAAAwAAAADAAAAEAAAAAYAAAANAAAABgAAAA==",
      "surface_type": "kPlaneSurface",
      "area_cm2": 0.13351768777756712,
      "normal": [
        0.0,
        1.0,
        0.0
      ],
      "center": [
        5.5511151231257827E-17,
        0.11999999999999922,
        -5.5511151231257827E-17
      ],
      "bbox_min": {
        "x": -0.45000000000000007,
        "y": 0.11999999999999922,
        "z": -0.45000000000000007
      },
      "bbox_max": {
        "x": 0.45000000000000007,
        "y": 0.11999999999999922,
        "z": 0.45000000000000007
      },
      "created_by_feature": "Revolution1",
      "loops": [
        {
          "is_outer": false,
          "edge_reference_keys": [
            "AQQBABAAAAAAAAAAAgAAABAAAAAGAAAA"
          ]
        },
        {
          "is_outer": true,
          "edge_reference_keys": [
            "AQQBABAAAAAAAAAAAgAAAA0AAAAGAAAA"
          ]
        }
      ]
    },
    {
      "transient_key": 33,
      "reference_key_string": "AQQDACAAAAAAAAAAAgAAAA8AAAADAAAAEwAAAAYAAAAQAAAABgAAAA==",
      "surface_type": "kTorusSurface",
      "area_cm2": 0.3633682495076761,
      "normal": [
        0.0,
        -1.1102230246251567E-15,
        1.0
      ],
      "center": [
        0.0,
        0.16999999999999998,
        0.3499999999999997
      ],
      "radius_cm": 0.39999999999999969,
      "minor_radius_cm": -0.049999999999999996,
      "axis": [
        0.0,
        1.0,
        0.0
      ],
      "bbox_min": {
        "x": -0.39999999999999969,
        "y": 0.11999999999999922,
        "z": -0.39999999999999969
      },
      "bbox_max": {
        "x": 0.39999999999999969,
        "y": 0.21999999999999886,
        "z": 0.39999999999999969
      },
      "created_by_feature": "Revolution1",
      "loops": [
        {
          "is_outer": true,
          "edge_reference_keys": [
            "AQQBABAAAAAAAAAAAgAAABMAAAAGAAAA"
          ]
        },
        {
          "is_outer": true,
          "edge_reference_keys": [
            "AQQBABAAAAAAAAAAAgAAABAAAAAGAAAA"
          ]
        }
      ]
    },
    {
      "transient_key": 35,
      "reference_key_string": "AQQDACAAAAAAAAAAAgAAABIAAAADAAAAFgAAAAYAAAATAAAABgAAAA==",
      "surface_type": "kCylinderSurface",
      "area_cm2": 8.16814089933347,
      "normal": [
        1.0,
        0.0,
        1.2246467991473532E-16
      ],
      "center": [
        0.40000000000000019,
        1.8449999999999998,
        4.8985871965894149E-17
      ],
      "radius_cm": 0.40000000000000019,
      "axis": [
        0.0,
        1.0,
        0.0
      ],