{
  "part_metadata": {
    "file_name": "1092137200-M17.ipt",
    "full_path": "C:\\Users\\hrish\\Downloads\\Assemblies for Training ML model\\Assembly 76\\Workspaces\\1092137240-M1\\1092137200-M17.ipt",
    "internal_name": "{46691574-4652-AC2D-36C3-EAB684A7FA01}",
    "units": "kMillimeterLengthUnits",
    "part_number": "1092137200-M17",
    "description": "",
    "material": "0011 1311 00",
    "mass_kg": 0.0078414152633604611
  },
  "context_key_string": "nsIrpNQR6AFgAC2z7in7sAQAAB5AAADIMgIotS/9IIFFAwBkBQABAADtN0PA0xEdDmAAALgylIewAAABAQAAsS28CdARH+wACNywOz6oCQIBAACyBAAAAFQAZQBzAHQAcP3cjQtJLvwdPoC5LAFWeAD/////AAAAAAAABgBICBIuHAQATP3nC8OcGA==",
  "bounding_box": {
    "min": {
      "x": -0.39999999999999991,
      "y": -2.0000000000000013,
      "z": -0.39999999999999991
    },
    "max": {
      "x": 0.39999999999999991,
      "y": 0.0,
      "z": 0.39999999999999991
    }
  },
  "faces": [
    {
      "transient_key": 105,
      "reference_key_string": "AQQCABgAAAAAAAAAAgAAAAEAAAADAAAABAAAAAYAAAA=",
      "surface_type": "kPlaneSurface",
      "area_cm2": 0.50265482457436661,
      "normal": [
        0.0,
        1.0,
        0.0
      ],
      "center": [
        0.0,
        0.0,
        -5.5511151231257827E-17
      ],
      "bbox_min": {
        "x": -0.39999999999999991,
        "y": 0.0,
        "z": -0.39999999999999991
      },
      "bbox_max": {
        "x": 0.39999999999999991,
        "y": 0.0,
        "z": 0.39999999999999991
      },
      "created_by_feature": "Revolution1",
      "loops": [
        {
          "is_outer": true,
          "edge_reference_keys": [
            "AQQBABAAAAAAAAAAAgAAAAQAAAAGAAAA"
          ]
        }
      ]
    },
    {
      "transient_key": 106,
      "reference_key_string": "AQQDACAAAAAAAAAAAgAAAAMAAAADAAAABAAAAAYAAAAHAAAABgAAAA==",
      "surface_type": "kCylinderSurface",
      "area_cm2": 5.0265482457436708,
      "normal": [
        -1.0,
        0.0,
        1.2246467991473532E-16
      ],
      "center": [
        -0.39999999999999991,
        -1.0000000000000007,
        4.8985871965894118E-17
      ],
      "radius_cm": 0.39999999999999991,
      "axis": [
        0.0,
        -1.0,
        0.0
      ],
      "bbox_min": {
        "x": -0.39999999999999991,
        "y": -2.0000000000000013,
        "z": -0.39999999999999991
      },
      "bbox_max": {
        "x": 0.39999999999999991,
        "y": 0.0,
        "z": 0.39999999999999991
      },
      "created_by_feature": "Revolution1",
      "loops": [
        {
          "is_outer": true,
          "edge_reference_keys": [
            "AQQBABAAAAAAAAAAAgAAAAQAAAAGAAAA"
          ]
        },
        {
          "is_outer": true,
          "edge_reference_keys": [
            "AQQBABAAAAAAAAAAAgAAAAcAAAAGAAAA"
          ]
        }
      ]
    },
    {
      "transient_key": 107,
      "reference_key_string": "AQQCABgAAAAAAAAAAgAAAAYAAAADAAAABwAAAAYAAAA=",
      "surface_type": "kPlaneSurface",
      "area_cm2": 0.50265482457436661,
      "normal": [
        0.0,
        -1.0,
        0.0
      ],
      "center": [
        -5.5511151231257827E-17,
        -2.0000000000000013,
        0.0
      ],
      "bbox_min": {
        "x": -0.39999999999999991,
        "y": -2.0000000000000013,
        "z": -0.39999999999999991
      },
      "bbox_max": {
        "x": 0.39999999999999991,
        "y": -2.0000000000000013,
        "z": 0.39999999999999991
      },
      "created_by_feature": "Revolution1",
      "loops": [
        {
          "is_outer": true,
          "edge_reference_keys": [
            "AQQBABAAAAAAAAAAAgAAAAcAAAAGAAAA"
          ]
        }
      ]
    }
  ],
  "edges": [
    {
      "transient_key": 108,
      "reference_key_string": "AQQBABAAAAAAAAAAAgAAAAQAAAAGAAAA",
      "curve_type": "kCircleCurve",
      "length_cm": 2.513274122871834,
      "midpoint": [
        -0.39999999999999991,
        0.0,
        4.8985871965894118E-17
      ],
      "tangent": [
        -1.2246467991473532E-16,
        0.0,
        -1.0
      ],
      "start_vertex": [
        0.39999999999999991,
        0.0,
        0.0
      ],
      "end_vertex": [
        0.39999999999999991,
        0.0,
        0.0
      ],
      "radius_cm": 0.39999999999999991,
      "adjacent_faces": [
        "AQQDACAAAAAAAAAAAgAAAAMAAAADAAAABAAAAAYAAAAHAAAABgAAAA==",
        "AQQCABgAAAAAAAAAAgAAAAEAAAADAAAABAAAAAYAAAA="
      ]
    },
    {
      "transient_key": 109,
      "reference_key_string": "AQQBABAAAAAAAAAAAgAAAAcAAAAGAAAA",
      "curve_type": "kCircleCurve",
      "length_cm": 2.513274122871834,
      "midpoint": [
        -0.39999999999999991,
        -2.0000000000000013,
        4.8985871965894118E-17
      ],
      "tangent": [
        -1.2246467991473532E-16,
        0.0,
        -1.0
      ],
      "start_vertex": [
        0.39999999999999991,
        -2.0000000000000013,
        0.0
      ],
      "end_vertex": [
        0.39999999999999991,
        -2.0000000000000013,
        0.0
      ],
      "radius_cm": 0.39999999999999991,
      "adjacent_faces": [
        "AQQCABgAAAAAAAAAAgAAAAYAAAADAAAABwAAAAYAAAA=",
        "AQQDACAAAAAAAAAAAgAAAAMAAAADAAAABAAAAAYAAAAHAAAABgAAAA=="
      ]
    }
  ],
  "work_planes": [
    {
      "entity_type": "WorkPlane",
      "work_feature_name": "YZ Plane",
      "surface_type": "kPlaneSurface",
      "area_cm2": 0.0001,
      "center": [
        0.0,
        0.0,
        0.0
      ],
      "normal": [
        1.0,
        0.0,
        0.0
      ],
      "reference_key_string": "EAIAABAAAAANAAAAAAAAAIAAAAAAAAAA"
    },
    {
      "entity_type": "WorkPlane",
      "work_feature_name": "XZ Plane",
      "surface_type": "kPlaneSurface",
      "area_cm2": 0.0001,
      "center": [
        0.0,
        0.0,
        0.0
      ],
      "normal": [
        0.0,
        1.0,
        0.0
      ],
      "reference_key_string": "EAIAABAAAAAOAAAAAAAAAIAAAAAAAAAA"
    },
    {
      "entity_type": "WorkPlane",
      "work_feature_name": "XY Plane",
      "surface_type": "kPlaneSurface",
      "area_cm2": 0.0001,
      "center": [
        0.0,
        0.0,
        0.0
      ],
      "normal": [
        0.0,
        0.0,
        1.0
      ],
      "reference_key_string": "EAIAABAAAAAPAAAAAAAAAIAAAAAAAAAA"
    }
  ],
  "work_axes": [
    {
      "entity_type": "WorkAxis",
      "work_feature_name": "X Axis",
      "direction": [
        1.0,
        0.0,
        0.0
      ],
      "root_point": [
        -1.0,
        0.0,
        0.0
      ],
      "reference_key_string": "EAIAABAAAAAQAAAAAAAAAIAAAAAAAAAA"
    },
    {
      "entity_type": "WorkAxis",
      "work_feature_name": "Y Axis",
      "direction": [
        0.0,
        1.0,
        0.0
      ],
      "root_point": [
        0.0,
        -1.0,
        0.0
      ],
      "reference_key_string": "EAIAABAAAAARAAAAAAAAAIAAAAAAAAAA"
    },
    {
      "entity_type": "WorkAxis",
      "work_feature_name": "Z Axis",
      "direction": [
        0.0,
        0.0,
        1.0
      ],
      "root_point": [
        0.0,
        0.0,
        -1.0
      ],
      "reference_key_string": "EAIAABAAAAASAAAAAAAAAIAAAAAAAAAA"
    }
  ],
  "bodies": [
    {
      "body_name": "Solid1",
      "volume_cm3": 1.0053096491487556
    }
  ],
  "connection_points": [],
  "feature_graph": [
    {
      "feature_name": "Revolution1",
      "feature_type": "Revolve",
      "operation": "kNewBodyOperation",
      "suppressed": false,
      "parent_features": [],
      "child_features": []
    },
    {
      "feature_name": "Thread2",
      "feature_type": "Other",
      "suppressed": false,
      "parent_features": [],
      "child_features": []
    }
  ]
}