{
  "part_metadata": {
    "file_name": "1092137200-M10.ipt",
    "full_path": "C:\\Users\\hrish\\Downloads\\Assemblies for Training ML model\\Assembly 76\\Workspaces\\1092137240-M1\\1092137200-M10.ipt",
    "internal_name": "{46691574-4652-AC2D-36C3-EAB684A7FA01}",
    "units": "kCentimeterLengthUnits",
    "part_number": "1092137200-M10",
    "description": "",
    "material": "0011 1311 00",
    "mass_kg": 0.043987398213012577
  },
  "context_key_string": "nsIrpNQR6AFgAC2z7in7sAQAAB5AAADIMgIotS/9IIFFAwBkBQABAADtN0PA0xEdDmAAALgylIewAAABAQAAsS28CdARH+wACNywOz6oCQIBAACyBAAAAFQAZQBzAHQAPpjCYWNHoIlNVMSDRvogrgD/////AAAAAAAABgBICM1Q4SAAYOo/XxjmxA==",
  "bounding_box": {
    "min": {
      "x": -0.80000000000000027,
      "y": -3.3000000000000007,
      "z": -0.80000000000000027
    },
    "max": {
      "x": 0.80000000000000027,
      "y": 0.0,
      "z": 0.80000000000000027
    }
  },
  "faces": [
    {
      "transient_key": 79,
      "reference_key_string": "AQQCABgAAAAAAAAAAgAAAAEAAAADAAAABAAAAAYAAAA=",
      "surface_type": "kConeSurface",
      "area_cm2": 0.40519826470741716,
      "normal": [
        -0.51503807491005416,
        0.85716730070211233,
        0.0
      ],
      "center": [
        0.16625000000000004,
        -2.8998930779133323,
        0.0
      ],
      "radius_cm": 0.16625,
      "half_angle_rad": 1.0297442586766545,
      "axis": [
        0.0,
        1.0,
        0.0
      ],
      "bbox_min": {
        "x": -0.3325,
        "y": -2.9997861558266643,
        "z": -0.3325
      },
      "bbox_max": {
        "x": 0.3325,
        "y": -2.8000000000000003,
        "z": 0.3325
      },
      "created_by_feature": "Hole1",
      "loops": [
        {
          "is_outer": true,
          "edge_reference_keys": [
            "AQQBABAAAAAAAAAAAgAAAAQAAAAGAAAA"
          ]
        },
        {
          "is_outer": true,
          "edge_reference_keys": []
        }
      ]
    },
    {
      "transient_key": 80,
      "reference_key_string": "AQQDACAAAAAAAAAAAgAAAAIAAAADAAAABwAAAAYAAAAEAAAABgAAAA==",
      "surface_type": "kCylinderSurface",
      "area_cm2": 5.849645520984196,
      "normal": [
        1.0,
        0.0,
        1.2246467991473532E-16
      ],
      "center": [
        -0.3325,
        -1.4000000000000001,
        -4.0719506071649496E-17
      ],
      "radius_cm": 0.3325,
      "axis": [
        0.0,
        1.0,
        0.0
      ],
      "bbox_min": {
        "x": -0.3325,
        "y": -2.8000000000000003,
        "z": -0.3325
      },
      "bbox_max": {
        "x": 0.3325,
        "y": 0.0,
        "z": 0.3325
      },
      "created_by_feature": "Hole1",
      "loops": [
        {
          "is_outer": true,
          "edge_reference_keys": [
            "AQQBABAAAAAAAAAAAgAAAAcAAAAGAAAA"
          ]
        },
        {
          "is_outer": true,
          "edge_reference_keys": [
            "AQQBABAAAAAAAAAAAgAAAAQAAAAGAAAA"
          ]
        }
      ]
    },
    {
      "transient_key": 32,
      "reference_key_string": "AQQDACAAAAAAAAAAAgAAAAUAAAADAAAABwAAAAYAAAAKAAAABgAAAA==",
      "surface_type": "kPlaneSurface",
      "area_cm2": 1.66329659548903,
      "normal": [
        0.0,
        1.0,
        0.0
      ],
      "center": [
        0.0,
        0.0,
        -1.1102230246251565E-16
      ],
      "bbox_min": {
        "x": -0.79999999999999982,
        "y": 0.0,
        "z": -0.79999999999999982
      },
      "bbox_max": {
        "x": 0.79999999999999982,
        "y": 0.0,
        "z": 0.79999999999999982
      },
      "created_by_feature": "Revolution1",
      "loops": [
        {
          "is_outer": false,
          "edge_reference_keys": [
            "AQQBABAAAAAAAAAAAgAAAAcAAAAGAAAA"
          ]
        },
        {
          "is_outer": true,
          "edge_reference_keys": [
            "AQQBABAAAAAAAAAAAgAAAAoAAAAGAAAA"
          ]
        }
      ]
    },
    {
      "transient_key": 33,
      "reference_key_string": "AQQDACAAAAAAAAAAAgAAAAkAAAADAAAACgAAAAYAAAANAAAABgAAAA==",
      "surface_type": "kCylinderSurface",
      "area_cm2": 16.587609210954113,
      "normal": [
        -1.0,
        0.0,
        1.2246467991473532E-16
      ],
      "center": [
        -0.8,
        -1.6500000000000004,
        9.7971743931788262E-17
      ],
      "radius_cm": 0.8,
      "axis": [
        0.0,
        -1.0,
        0.0
      ],
      "bbox_min": {
        "x": -0.80000000000000027,
        "y": -3.3000000000000007,
        "z": -0.80000000000000027
      },
      "bbox_max": {
        "x": 0.80000000000000027,
        "y": 0.0,
        "z": 0.80000000000000027
      },
      "created_by_feature": "Revolution1",
      "loops": [
        {
          "is_outer": true,
          "edge_reference_keys": [
            "AQQBABAAAAAAAAAAAgAAAAoAAAAGAAAA"
          ]
        },
        {
          "is_outer": true,
          "edge_reference_keys": [
            "AQQBABAAAAAAAAAAAgAAAA0AAAAGAAAA"
          ]
        }
      ]
    },
    {
      "transient_key": 34,
      "reference_key_string": "AQQCABgAAAAAAAAAAgAAAAwAAAADAAAADQAAAAYAAAA=",
      "surface_type": "kPlaneSurface",
      "area_cm2": 2.0106192982974691,
      "normal": [
        0.0,
        -1.0,
        0.0
      ],
      "center": [
        -1.1102230246251565E-16,
        -3.3000000000000007,
        0.0
      ],
      "bbox_min": {
        "x": -0.80000000000000027,
        "y": -3.3000000000000007,
        "z": -0.80000000000000027
      },
      "bbox_max": {
        "x": 0.80000000000000027,
        "y": -3.3000000000000007,
        "z": 0.80000000000000027
      },
      "created_by_feature": "Revolution1",
      "loops": [
        {
          "is_outer": true,
          "edge_reference_keys": [
            "AQQBABAAAAAAAAAAAgAAAA0AAAAGAAAA"
          ]
        }
      ]
    }
  ],
  "edges": [
    {
      "transient_key": 81,
      "reference_key_string": "AQQBABAAAAAAAAAAAgAAAAQAAAAGAAAA",
      "curve_type": "kCircleCurve",
      "length_cm": 2.0891591146372126,
      "midpoint": [
        -0.3325,
        -2.8000000000000003,
        -4.0719506071649496E-17
      ],
      "tangent": [
        -1.2246467991473532E-16,
        0.0,
        1.0
      ],
      "start_vertex": [
        0.3325,
        -2.8000000000000003,
        0.0
      ],
      "end_vertex": [
        0.3325,
        -2.8000000000000003,
        0.0
      ],
      "radius_cm": 0.3325,
      "adjacent_faces": [
        "AQQDACAAAAAAAAAAAgAAAAIAAAADAAAABwAAAAYAAAAEAAAABgAAAA==",
        "AQQCABgAAAAAAAAAAgAAAAEAAAADAAAABAAAAAYAAAA="
      ]
    },
    {
      "transient_key": 83,
      "curve_type": "kUnknownCurve",
      "length_cm": 0.0,
      "start_vertex": [
        0.0,
        -2.9997861558266643,
        0.0
      ],
      "end_vertex": [
        0.0,
        -2.9997861558266643,
        0.0
      ],
      "adjacent_faces": [
        "AQQCABgAAAAAAAAAAgAAAAEAAAADAAAABAAAAAYAAAA="
      ]
    },
    {
      "transient_key": 82,
      "reference_key_string": "AQQBABAAAAAAAAAAAgAAAAcAAAAGAAAA",
      "curve_type": "kCircleCurve",
      "length_cm": 2.0891591146372126,
      "midpoint": [
        -0.3325,
        0.0,
        4.0719506071649496E-17
      ],
      "tangent": [
        -1.2246467991473532E-16,
        0.0,
        -1.0
      ],
      "start_vertex": [
        0.3325,
        0.0,
        0.0
      ],
      "end_vertex": [
        0.3325,
        0.0,
        0.0
      ],
      "radius_cm": 0.3325,
      "adjacent_faces": [
        "AQQDACAAAAAAAAAAAgAAAAUAAAADAAAABwAAAAYAAAAKAAAABgAAAA==",
        "AQQDACAAAAAAAAAAAgAAAAIAAAADAAAABwAAAAYAAAAEAAAABgAAAA=="
      ]
    },
    {
      "transient_key": 35,