{
  "part_metadata": {
    "file_name": "1094892017-M13.ipt",
    "full_path": "C:\\Users\\hrish\\Downloads\\Assemblies for Training ML model\\Assembly 67\\Workspaces\\1094892017-M1\\1094892017-M13.ipt",
    "internal_name": "{4F0B3AE6-4605-C538-6FA4-3B8A90617E95}",
    "units": "kMillimeterLengthUnits",
    "part_number": "1094892017-M13",
    "description": "HINGE",
    "material": "0011 1312 50",
    "mass_kg": 0.02871831946407815
  },
  "context_key_string": "nsIrpNQR6AFgAC2z7in7sAQAAB5AAADIMgIotS/9IIFFAwBkBQABAADtN0PA0xEdDmAAALgylIewAAABAQAAsS28CdARH+wACNywOz6oCQIBAACyBAAAAFQAZQBzAHQAGpPflRROd4PIzXeHnc1IBwD/////AAAAAAAABgBICM1Q4SAAYOo/XxjmxA==",
  "bounding_box": {
    "min": {
      "x": -0.5,
      "y": -12.2,
      "z": -0.50000000000000011
    },
    "max": {
      "x": 0.50000000000000044,
      "y": 0.0,
      "z": 0.50000000000000011
    }
  },
  "faces": [
    {
      "transient_key": 61,
      "reference_key_string": "AQQCABgAAAAAAAAAAgAAAAEAAAADAAAABAAAAAYAAAA=",
      "surface_type": "kPlaneSurface",
      "area_cm2": 0.28274333882308123,
      "normal": [
        4.2998391732408729E-16,
        -1.0,
        0.0
      ],
      "center": [
        5.2180482157382357E-15,
        -12.2,
        0.0
      ],
      "bbox_min": {
        "x": -0.29999999999999472,
        "y": -12.2,
        "z": -0.29999999999999993
      },
      "bbox_max": {
        "x": 0.30000000000000515,
        "y": -12.2,
        "z": 0.29999999999999993
      },
      "created_by_feature": "Revolution1",
      "loops": [
        {
          "is_outer": true,
          "edge_reference_keys": [
            "AQQBABAAAAAAAAAAAgAAAAQAAAAGAAAA"
          ]
        }
      ]
    },
    {
      "transient_key": 62,
      "reference_key_string": "AQQDACAAAAAAAAAAAgAAAAMAAAADAAAABwAAAAYAAAAEAAAABgAAAA==",
      "surface_type": "kCylinderSurface",
      "area_cm2": 0.94247779607693749,
      "normal": [
        1.0,
        4.2998391732408724E-16,
        1.2246467991473532E-16
      ],
      "center": [
        0.30000000000000504,
        -11.95,
        3.6739403974420583E-17
      ],
      "radius_cm": 0.29999999999999988,
      "axis": [
        -4.2998391732408729E-16,
        1.0,
        0.0
      ],
      "bbox_min": {
        "x": -0.29999999999999477,
        "y": -12.2,
        "z": -0.29999999999999993
      },
      "bbox_max": {
        "x": 0.3000000000000051,
        "y": -11.7,
        "z": 0.29999999999999993
      },
      "created_by_feature": "Revolution1",
      "loops": [
        {
          "is_outer": true,
          "edge_reference_keys": [
            "AQQBABAAAAAAAAAAAgAAAAcAAAAGAAAA"
          ]
        },
        {
          "is_outer": true,
          "edge_reference_keys": [
            "AQQBABAAAAAAAAAAAgAAAAQAAAAGAAAA"
          ]
        }
      ]
    },
    {
      "transient_key": 63,
      "reference_key_string": "AQQDACAAAAAAAAAAAgAAAAYAAAADAAAACgAAAAYAAAAHAAAABgAAAA==",
      "surface_type": "kPlaneSurface",
      "area_cm2": 0.21205750411730961,
      "normal": [
        -4.2998391732408729E-16,
        1.0,
        0.0
      ],
      "center": [
        5.0515147620444623E-15,
        -11.7,
        -5.5511151231257827E-17
      ],
      "bbox_min": {
        "x": -0.29999999999999477,
        "y": -11.7,
        "z": -0.29999999999999982
      },
      "bbox_max": {
        "x": 0.30000000000000487,
        "y": -11.7,
        "z": 0.29999999999999982
      },
      "created_by_feature": "Revolution1",
      "loops": [
        {
          "is_outer": false,
          "edge_reference_keys": [
            "AQQBABAAAAAAAAAAAgAAAAoAAAAGAAAA"
          ]
        },
        {
          "is_outer": true,
          "edge_reference_keys": [
            "AQQBABAAAAAAAAAAAgAAAAcAAAAGAAAA"
          ]
        }
      ]
    },
    {
      "transient_key": 64,
      "reference_key_string": "AQQDACAAAAAAAAAAAgAAAAkAAAADAAAADQAAAAYAAAAKAAAABgAAAA==",
      "surface_type": "kCylinderSurface",
      "area_cm2": 0.18849555921538838,
      "normal": [
        1.0,
        4.2998391732408729E-16,
        1.2246467991473532E-16
      ],
      "center": [
        0.15000000000000618,
        -11.6,
        1.8369701987210442E-17
      ],
      "radius_cm": 0.15000000000000119,
      "axis": [
        -4.2998391732408729E-16,
        1.0,
        0.0
      ],
      "bbox_min": {
        "x": -0.14999999999999622,
        "y": -11.7,
        "z": -0.15000000000000116
      },
      "bbox_max": {
        "x": 0.15000000000000616,
        "y": -11.5,
        "z": 0.15000000000000116
      },
      "created_by_feature": "Revolution1",
      "loops": [
        {
          "is_outer": true,
          "edge_reference_keys": [
            "AQQBABAAAAAAAAAAAgAAAA0AAAAGAAAA"
          ]
        },
        {
          "is_outer": true,
          "edge_reference_keys": [
            "AQQBABAAAAAAAAAAAgAAAAoAAAAGAAAA"
          ]
        }
      ]
    },
    {
      "transient_key": 65,
      "reference_key_string": "AQQDACAAAAAAAAAAAgAAAAwAAAADAAAAEAAAAAYAAAANAAAABgAAAA==",
      "surface_type": "kPlaneSurface",
      "area_cm2": 0.21205750411731472,
      "normal": [
        4.2998391732408729E-16,
        -1.0,
        0.0
      ],
      "center": [
        5.0237591864288333E-15,
        -11.5,
        -5.5511151231257827E-17
      ],
      "bbox_min": {
        "x": -0.2999999999999976,
        "y": -11.5,
        "z": -0.30000000000000254
      },
      "bbox_max": {
        "x": 0.30000000000000748,
        "y": -11.5,
        "z": 0.30000000000000254
      },
      "created_by_feature": "Revolution1",
      "loops": [
        {
          "is_outer": true,
          "edge_reference_keys": [
            "AQQBABAAAAAAAAAAAgAAABAAAAAGAAAA"
          ]
        },
        {
          "is_outer": false,
          "edge_reference_keys": [
            "AQQBABAAAAAAAAAAAgAAAA0AAAAGAAAA"
          ]
        }
      ]
    },
    {
      "transient_key": 66,
      "reference_key_string": "AQQDACAAAAAAAAAAAgAAAA8AAAADAAAAEwAAAAYAAAAQAAAABgAAAA==",
      "surface_type": "kCylinderSurface",
      "area_cm2": 20.73451151369272,
      "normal": [
        1.0,
        4.2998391732408734E-16,
        1.224646799147353E-16
      ],
      "center": [
        0.30000000000000376,
        -6.0,
        3.6739403974420743E-17
      ],
      "radius_cm": 0.30000000000000121,
      "axis": [
        -4.2998391732408729E-16,
        1.0,
        0.0
      ],
      "bbox_min": {
        "x": -0.29999999999999971,
        "y": -11.5,
        "z": -0.30000000000000254
      },
      "bbox_max": {
        "x": 0.30000000000000748,
        "y": -0.5,
        "z": 0.30000000000000254
      },
      "created_by_feature": "Revolution1",
      "loops": [
        {
          "is_outer": true,
          "edge_reference_keys": [
            "AQQBABAAAAAAAAAAAgAAABMAAAAGAAAA"
          ]
        },
        {
          "is_outer": true,
          "edge_reference_keys": [
            "AQQBABAAAAAAAAAAAgAAABAAAAAGAAAA"
          ]
        }
      ]
    },
    {
      "transient_key": 67,
      "reference_key_string": "AQQDACAAAAAAAAAAAgAAABIAAAADAAAAFgAAAAYAAAATAAAABgAAAA==",
      "surface_type": "kPlaneSurface",
      "area_cm2": 0.50265482457436739,
      "normal": [
        4.2998391732408729E-16,
        -1.0,
        0.0
      ],
      "center": [
        3.3306690738754696E-16,
        -0.49999999999999983,
        -1.1102230246251565E-16
      ],
      "bbox_min": {
        "x": -0.49999999999999989,
        "y": -0.5,
        "z": -0.50000000000000011
      },
      "bbox_max": {
        "x": 0.50000000000000033,
        "y": -0.49999999999999978,
        "z": 0.50000000000000011
      },