{
  "part_metadata": {
    "file_name": "1625167461-M1.ipt",
    "full_path": "C:\\Users\\hrish\\Downloads\\Assemblies for Training ML model\\Assembly 24\\Workspaces\\1629529800\\1625167461-M1.ipt",
    "internal_name": "{0287CD20-4DA4-A7B1-A89C-7CBDC1DFAF9D}",
    "units": "kMillimeterLengthUnits",
    "part_number": "1625167461-M1",
    "description": "",
    "material": "0011 1312 00",
    "mass_kg": 0.0079098279299457015
  },
  "context_key_string": "nsIrpNQR6AFgAC2z7in7sAQAAB5AAADIMgIotS/9IIFVAwCkBQABAADtN0PA0xEdDmAAALgylIewAAABAQAAsS28CdARH+wACNywOz6oCQIBAACyBAAAAFQAZQBzAHQAl5m8DcZOzAuj2oG0pgNjRwD/////AQABAAAAAAAAAAUADBUOAgCm/vOFYU4M",
  "bounding_box": {
    "min": {
      "x": -2.1,
      "y": -0.60000000000000031,
      "z": -0.6000000000000002
    },
    "max": {
      "x": 0.0,
      "y": 0.60000000000000009,
      "z": 0.6000000000000002
    }
  },
  "faces": [
    {
      "transient_key": 20,
      "reference_key_string": "AQQCABgAAAAAAAAAAgAAAAEAAAADAAAABAAAAAYAAAA=",
      "surface_type": "kPlaneSurface",
      "area_cm2": 0.13334950891230773,
      "normal": [
        -1.0,
        -3.0616169978683817E-16,
        0.0
      ],
      "center": [
        -2.1,
        -6.5225602696727947E-16,
        0.0
      ],
      "bbox_min": {
        "x": -2.1,
        "y": -0.20602540378443945,
        "z": -0.20602540378443882
      },
      "bbox_max": {
        "x": -2.1,
        "y": 0.20602540378443818,
        "z": 0.20602540378443882
      },
      "created_by_feature": "Revolution1",
      "loops": [
        {
          "is_outer": true,
          "edge_reference_keys": [
            "AQQBABAAAAAAAAAAAgAAAAQAAAAGAAAA"
          ]
        }
      ]
    },
    {
      "transient_key": 22,
      "reference_key_string": "AQQDACAAAAAAAAAAAgAAAAMAAAADAAAABwAAAAYAAAAEAAAABgAAAA==",
      "surface_type": "kConeSurface",
      "area_cm2": 0.8879508915259281,
      "normal": [
        -0.25881904510252035,
        -0.96592582628906831,
        1.1829179713786698E-16
      ],
      "center": [
        -1.85,
        -0.27301270189222,
        3.3434413149887707E-17
      ],
      "radius_cm": 0.27301270189221943,
      "half_angle_rad": 0.26179938779914935,
      "axis": [
        1.0,
        3.0616169978683817E-16,
        0.0
      ],
      "bbox_min": {
        "x": -2.1,
        "y": -0.34000000000000058,
        "z": -0.34000000000000008
      },
      "bbox_max": {
        "x": -1.6,
        "y": 0.33999999999999958,
        "z": 0.34000000000000008
      },
      "created_by_feature": "Revolution1",
      "loops": [
        {
          "is_outer": true,
          "edge_reference_keys": [
            "AQQBABAAAAAAAAAAAgAAAAcAAAAGAAAA"
          ]
        },
        {
          "is_outer": true,
          "edge_reference_keys": [
            "AQQBABAAAAAAAAAAAgAAAAQAAAAGAAAA"
          ]
        }
      ]
    },
    {
      "transient_key": 24,
      "reference_key_string": "AQQDACAAAAAAAAAAAgAAAAYAAAADAAAACgAAAAYAAAAHAAAABgAAAA==",
      "surface_type": "kCylinderSurface",
      "area_cm2": 2.5635396053292716,
      "normal": [
        3.0616169978683817E-16,
        -1.0,
        1.224646799147353E-16
      ],
      "center": [
        -1.0,
        -0.3400000000000003,
        4.1637991171010003E-17
      ],
      "radius_cm": 0.33999999999999997,
      "axis": [
        1.0,
        3.0616169978683817E-16,
        0.0
      ],
      "bbox_min": {
        "x": -1.6,
        "y": -0.34000000000000058,
        "z": -0.34000000000000008
      },
      "bbox_max": {
        "x": -0.39999999999999991,
        "y": 0.3399999999999998,
        "z": 0.34000000000000008
      },
      "created_by_feature": "Revolution1",
      "loops": [
        {
          "is_outer": true,
          "edge_reference_keys": [
            "AQQBABAAAAAAAAAAAgAAAAoAAAAGAAAA"
          ]
        },
        {
          "is_outer": true,
          "edge_reference_keys": [
            "AQQBABAAAAAAAAAAAgAAAAcAAAAGAAAA"
          ]
        }
      ]
    },
    {
      "transient_key": 26,
      "reference_key_string": "AQQDACAAAAAAAAAAAgAAAAkAAAADAAAADQAAAAYAAAAKAAAABgAAAA==",
      "surface_type": "kPlaneSurface",
      "area_cm2": 0.76780524453734667,
      "normal": [
        -1.0,
        -3.0616169978683817E-16,
        0.0
      ],
      "center": [
        -0.39999999999999986,
        -1.6653345369377348E-16,
        0.0
      ],
      "bbox_min": {
        "x": -0.4,
        "y": -0.60000000000000031,
        "z": -0.6000000000000002
      },
      "bbox_max": {
        "x": -0.39999999999999986,
        "y": 0.60000000000000009,
        "z": 0.6000000000000002
      },
      "created_by_feature": "Revolution1",
      "loops": [
        {
          "is_outer": true,
          "edge_reference_keys": [
            "AQQBABAAAAAAAAAAAgAAAA0AAAAGAAAA"
          ]
        },
        {
          "is_outer": false,
          "edge_reference_keys": [
            "AQQBABAAAAAAAAAAAgAAAAoAAAAGAAAA"
          ]
        }
      ]
    },
    {
      "transient_key": 28,
      "reference_key_string": "AQQDACAAAAAAAAAAAgAAAAwAAAADAAAAEAAAAAYAAAANAAAABgAAAA==",
      "surface_type": "kCylinderSurface",
      "area_cm2": 1.5079644737231011,
      "normal": [
        3.0616169978683817E-16,
        -1.0,
        1.224646799147353E-16
      ],
      "center": [
        -0.19999999999999982,
        -0.60000000000000031,
        7.3478807948841215E-17
      ],
      "radius_cm": 0.6000000000000002,
      "axis": [
        1.0,
        3.0616169978683817E-16,
        0.0
      ],
      "bbox_min": {
        "x": -0.4,
        "y": -0.60000000000000031,
        "z": -0.6000000000000002
      },
      "bbox_max": {
        "x": 1.6653345369377348E-16,
        "y": 0.60000000000000009,
        "z": 0.6000000000000002
      },
      "created_by_feature": "Revolution1",
      "loops": [
        {
          "is_outer": true,
          "edge_reference_keys": [
            "AQQBABAAAAAAAAAAAgAAABAAAAAGAAAA"
          ]
        },
        {
          "is_outer": true,
          "edge_reference_keys": [
            "AQQBABAAAAAAAAAAAgAAAA0AAAAGAAAA"
          ]
        }
      ]
    },
    {
      "transient_key": 30,
      "reference_key_string": "AQQCABgAAAAAAAAAAgAAAA8AAAADAAAAEAAAAAYAAAA=",
      "surface_type": "kPlaneSurface",
      "area_cm2": 1.1309733552923256,
      "normal": [
        1.0,
        3.0616169978683817E-16,
        0.0
      ],
      "center": [
        9.184850993605146E-17,
        -5.5511151231257827E-17,
        -1.1102230246251565E-16
      ],
      "bbox_min": {
        "x": 0.0,
        "y": -0.6,
        "z": -0.6
      },
      "bbox_max": {
        "x": 1.8369701987210289E-16,
        "y": 0.6,
        "z": 0.6
      },
      "created_by_feature": "Revolution1",
      "loops": [
        {
          "is_outer": true,
          "edge_reference_keys": [
            "AQQBABAAAAAAAAAAAgAAABAAAAAGAAAA"
          ]
        }
      ]
    }
  ],
  "edges": [
    {
      "transient_key": 21,
      "reference_key_string": "AQQBABAAAAAAAAAAAgAAAAQAAAAGAAAA",
      "curve_type": "kCircleCurve",
      "length_cm": 1.2944957899641274,
      "midpoint": [
        -2.1,
        -0.20602540378443945,
        2.52308351287654E-17
      ],
      "tangent": [
        0.0,
        -1.2246467991473532E-16,
        -1.0
      ],
      "start_vertex": [
        -2.1,
        0.20602540378443818,
        0.0
      ],
      "end_vertex": [
        -2.1,
        0.20602540378443818,
        0.0
      ],
      "radius_cm": 0.20602540378443882,