{
  "part_metadata": {
    "file_name": "9097556994-M20.ipt",
    "full_path": "C:\\Users\\hrish\\Downloads\\Assemblies for Training ML model\\Assembly 64\\Workspaces\\9097556994-M1\\9097556994-M20.ipt",
    "internal_name": "{9837138D-46A6-1279-C09E-74AD88B995D6}",
    "units": "kMillimeterLengthUnits",
    "part_number": "9097556994-M20",
    "description": "ELBOW",
    "material": "0011 9039 90",
    "mass_kg": 0.11702482408449255
  },
  "context_key_string": "nsIrpNQR6AFgAC2z7in7sAQAAB5AAADIMgIotS/9IIFFAwBkBQABAADtN0PA0xEdDmAAALgylIewAAABAQAAsS28CdARH+wACNywOz6oCQIBAACyBAAAAFQAZQBzAHQAlFv7sKVLH3zDj0+dEkp2swD/////AAAAAAAABgBICM1Q4SAAYOo/XxjmxA==",
  "bounding_box": {
    "min": {
      "x": -1.4,
      "y": -2.9000000000000008,
      "z": -1.4000000000000001
    },
    "max": {
      "x": 1.4,
      "y": 1.4,
      "z": 4.5
    }
  },
  "faces": [
    {
      "transient_key": 451,
      "reference_key_string": "AQQDACAAAAAAAAAAAgAAAAEAAAADAAAABAAAAAYAAAAHAAAABgAAAA==",
      "surface_type": "kCylinderSurface",
      "area_cm2": 2.7646015351590205,
      "normal": [
        1.0,
        0.0,
        0.0
      ],
      "center": [
        -1.1,
        -2.6999999999999993,
        -1.1654166971956154E-16
      ],
      "radius_cm": 1.1,
      "axis": [
        0.0,
        -1.0,
        -2.2739426832146349E-16
      ],
      "bbox_min": {
        "x": -1.1,
        "y": -2.9000000000000004,
        "z": -1.1000000000000003
      },
      "bbox_max": {
        "x": 1.1,
        "y": -2.4999999999999987,
        "z": 1.0999999999999999
      },
      "created_by_feature": "Sweep4",
      "loops": [
        {
          "is_outer": true,
          "edge_reference_keys": [
            "AQQBABAAAAAAAAAAAgAAAAQAAAAGAAAA"
          ]
        },
        {
          "is_outer": true,
          "edge_reference_keys": [
            "AQQBABAAAAAAAAAAAgAAAAcAAAAGAAAA"
          ]
        }
      ]
    },
    {
      "transient_key": 452,
      "reference_key_string": "AQQDACAAAAAAAAAAAgAAAAYAAAADAAAABwAAAAYAAAAKAAAABgAAAA==",
      "surface_type": "kTorusSurface",
      "area_cm2": 27.14141210299573,
      "normal": [
        0.0,
        -0.70710678118654768,
        0.70710678118654746
      ],
      "center": [
        0.0,
        0.045584412271571284,
        -0.045584412271570951
      ],
      "radius_cm": 2.5,
      "minor_radius_cm": 1.1,
      "axis": [
        -1.0,
        0.0,
        0.0
      ],
      "bbox_min": {
        "x": -1.1,
        "y": -2.4999999999999996,
        "z": -1.1
      },
      "bbox_max": {
        "x": 1.1,
        "y": 1.1,
        "z": 2.5
      },
      "created_by_feature": "Sweep4",
      "loops": [
        {
          "is_outer": true,
          "edge_reference_keys": [
            "AQQBABAAAAAAAAAAAgAAAAcAAAAGAAAA"
          ]
        },
        {
          "is_outer": true,
          "edge_reference_keys": [
            "AQQBABAAAAAAAAAAAgAAAAoAAAAGAAAA"
          ]
        }
      ]
    },
    {
      "transient_key": 453,
      "reference_key_string": "AQQDACAAAAAAAAAAAgAAAAkAAAADAAAACgAAAAYAAAANAAAABgAAAA==",
      "surface_type": "kCylinderSurface",
      "area_cm2": 13.823007675795091,
      "normal": [
        1.0,
        0.0,
        0.0
      ],
      "center": [
        -1.1,
        1.6399111397369736E-17,
        3.5
      ],
      "radius_cm": 1.1,
      "axis": [
        0.0,
        5.4663704657899013E-17,
        -1.0
      ],
      "bbox_min": {
        "x": -1.1,
        "y": -1.1,
        "z": 2.5
      },
      "bbox_max": {
        "x": 1.1,
        "y": 1.1,
        "z": 4.5
      },
      "created_by_feature": "Sweep4",
      "loops": [
        {
          "is_outer": true,
          "edge_reference_keys": [
            "AQQBABAAAAAAAAAAAgAAAAoAAAAGAAAA"
          ]
        },
        {
          "is_outer": true,
          "edge_reference_keys": [
            "AQQBABAAAAAAAAAAAgAAAA0AAAAGAAAA"
          ]
        }
      ]
    },
    {
      "transient_key": 454,
      "reference_key_string": "AQQDACAAAAAAAAAAAgAAAA4AAAADAAAAEAAAAAYAAAATAAAABgAAAA==",
      "surface_type": "kCylinderSurface",
      "area_cm2": 3.5185837720205786,
      "normal": [
        -1.0,
        -2.7847766284433465E-32,
        1.2246467991473532E-16
      ],
      "center": [
        -1.4,
        -2.6999999999999997,
        5.4908882161067803E-17
      ],
      "radius_cm": 1.4,
      "axis": [
        0.0,
        -1.0,
        -2.2739426832146349E-16
      ],
      "bbox_min": {
        "x": -1.4,
        "y": -2.9000000000000008,
        "z": -1.4000000000000001
      },
      "bbox_max": {
        "x": 1.4,
        "y": -2.4999999999999987,
        "z": 1.3999999999999997
      },
      "created_by_feature": "Sweep4",
      "loops": [
        {
          "is_outer": true,
          "edge_reference_keys": [
            "AQQBABAAAAAAAAAAAgAAABAAAAAGAAAA"
          ]
        },
        {
          "is_outer": true,
          "edge_reference_keys": [
            "AQQBABAAAAAAAAAAAgAAABMAAAAGAAAA"
          ]
        }
      ]
    },
    {
      "transient_key": 455,
      "reference_key_string": "AQQDACAAAAAAAAAAAgAAABIAAAADAAAAEwAAAAYAAAAWAAAABgAAAA==",
      "surface_type": "kTorusSurface",
      "area_cm2": 34.543615403812737,
      "normal": [
        0.0,
        0.70710678118654757,
        -0.70710678118654746
      ],
      "center": [
        0.0,
        0.25771644662753546,
        -0.257716446627535
      ],
      "radius_cm": 2.5,
      "minor_radius_cm": 1.4,
      "axis": [
        -1.0,
        0.0,
        0.0
      ],
      "bbox_min": {
        "x": -1.4,
        "y": -2.4999999999999996,
        "z": -1.4
      },
      "bbox_max": {
        "x": 1.4,
        "y": 1.4,
        "z": 2.5
      },
      "created_by_feature": "Sweep4",
      "loops": [
        {
          "is_outer": true,
          "edge_reference_keys": [
            "AQQBABAAAAAAAAAAAgAAABMAAAAGAAAA"
          ]
        },
        {
          "is_outer": true,
          "edge_reference_keys": [
            "AQQBABAAAAAAAAAAAgAAABYAAAAGAAAA"
          ]
        }
      ]
    },
    {
      "transient_key": 456,
      "reference_key_string": "AQQDACAAAAAAAAAAAgAAABUAAAADAAAAFgAAAAYAAAAYAAAABgAAAA==",
      "surface_type": "kCylinderSurface",
      "area_cm2": 17.592918860102838,
      "normal": [
        -1.0,
        -1.2246467991473532E-16,
        -6.694373093883228E-33
      ],
      "center": [
        -1.4,
        -1.550514404832597E-16,
        3.5
      ],
      "radius_cm": 1.4,
      "axis": [
        0.0,
        5.4663704657899013E-17,
        -1.0
      ],
      "bbox_min": {
        "x": -1.4,
        "y": -1.4,
        "z": 2.5
      },
      "bbox_max": {
        "x": 1.4,
        "y": 1.4,
        "z": 4.5
      },
      "created_by_feature": "Sweep4",
      "loops": [
        {
          "is_outer": true,
          "edge_reference_keys": [
            "AQQBABAAAAAAAAAAAgAAABYAAAAGAAAA"
          ]
        },
        {
          "is_outer": true,
          "edge_reference_keys": [
            "AQQBABAAAAAAAAAAAgAAABgAAAAGAAAA"
          ]
        }
      ]
    },
    {
      "transient_key": 457,
      "reference_key_string": "AQQDACAAAAAAAAAAAgAAAAsAAAADAAAADQAAAAYAAAAYAAAABgAAAA==",
      "surface_type": "kPlaneSurface",
      "area_cm2": 2.3561944901923431,
      "normal": [
        0.0,
        0.0,
        1.0
      ],
      "center": [
        -2.2204460492503131E-16,
        -2.6030919818556059E-16,
        4.5
      ],
      "bbox_min": {
        "x": -1.4,
        "y": -1.4,
        "z": 4.5
      },
      "bbox_max": {
        "x": 1.4,
        "y": 1.4,