{
  "part_metadata": {
    "file_name": "9097556994-M22.ipt",
    "full_path": "C:\\Users\\hrish\\Downloads\\Assemblies for Training ML model\\Assembly 64\\Workspaces\\9097556994-M1\\9097556994-M22.ipt",
    "internal_name": "{99DB7400-46D4-C1F9-0393-12A1FB6E9FB5}",
    "units": "kMillimeterLengthUnits",
    "part_number": "9097556994-M22",
    "description": "BUSH",
    "material": "0011 9039 90",
    "mass_kg": 0.084012168768542977
  },
  "context_key_string": "nsIrpNQR6AFgAC2z7in7sAQAAB5AAADIMgIotS/9IIFFAwBkBQABAADtN0PA0xEdDmAAALgylIewAAABAQAAsS28CdARH+wACNywOz6oCQIBAACyBAAAAFQAZQBzAHQA3zV/QA1DB80fa0ytIoHP5wD/////AAAAAAAABgBICM1Q4SAAYOo/XxjmxA==",
  "bounding_box": {
    "min": {
      "x": -1.6,
      "y": -1.6,
      "z": 0.0
    },
    "max": {
      "x": 1.6,
      "y": 1.6,
      "z": 2.25
    }
  },
  "faces": [
    {
      "transient_key": 74,
      "reference_key_string": "AQQDACAAAAAAAAAAAgAAAAEAAAADAAAABAAAAAYAAAAHAAAABgAAAA==",
      "surface_type": "kTorusSurface",
      "area_cm2": 0.99017431350777962,
      "normal": [
        -0.707106781186547,
        0.0,
        -0.70710678118654813
      ],
      "center": [
        -1.2484314575050763,
        0.0,
        0.22656854249492389
      ],
      "radius_cm": 1.3050000000000002,
      "minor_radius_cm": -0.080000000000000016,
      "axis": [
        0.0,
        0.0,
        -1.0
      ],
      "bbox_min": {
        "x": -1.3050000000000002,
        "y": -1.3050000000000002,
        "z": 0.16999999999999998
      },
      "bbox_max": {
        "x": 1.3050000000000002,
        "y": 1.3050000000000002,
        "z": 0.25
      },
      "created_by_feature": "Fillet1",
      "loops": [
        {
          "is_outer": true,
          "edge_reference_keys": [
            "AQQBABAAAAAAAAAAAgAAAAQAAAAGAAAA"
          ]
        },
        {
          "is_outer": true,
          "edge_reference_keys": [
            "AQQBABAAAAAAAAAAAgAAAAcAAAAGAAAA"
          ]
        }
      ]
    },
    {
      "transient_key": 72,
      "reference_key_string": "AQQDACAAAAAAAAAAAgAAAAIAAAADAAAACgAAAAYAAAAEAAAABgAAAA==",
      "surface_type": "kPlaneSurface",
      "area_cm2": 0.80731077215623692,
      "normal": [
        0.0,
        0.0,
        -1.0
      ],
      "center": [
        0.0,
        0.0,
        0.25
      ],
      "bbox_min": {
        "x": -1.4000000000000001,
        "y": -1.4000000000000001,
        "z": 0.25
      },
      "bbox_max": {
        "x": 1.4000000000000001,
        "y": 1.4000000000000001,
        "z": 0.25
      },
      "created_by_feature": "Extrusion3",
      "loops": [
        {
          "is_outer": true,
          "edge_reference_keys": [
            "AQQBABAAAAAAAAAAAgAAAAoAAAAGAAAA"
          ]
        },
        {
          "is_outer": false,
          "edge_reference_keys": [
            "AQQBABAAAAAAAAAAAgAAAAQAAAAGAAAA"
          ]
        }
      ]
    },
    {
      "transient_key": 73,
      "reference_key_string": "AQQDACAAAAAAAAAAAgAAAAUAAAADAAAADQAAAAYAAAAHAAAABgAAAA==",
      "surface_type": "kCylinderSurface",
      "area_cm2": 1.3084733402201487,
      "normal": [
        1.0,
        0.0,
        0.0
      ],
      "center": [
        1.225,
        0.0,
        0.084999999999999992
      ],
      "radius_cm": 1.225,
      "axis": [
        0.0,
        0.0,
        1.0
      ],
      "bbox_min": {
        "x": -1.225,
        "y": -1.225,
        "z": 0.0
      },
      "bbox_max": {
        "x": 1.225,
        "y": 1.225,
        "z": 0.16999999999999998
      },
      "created_by_feature": "Extrusion3",
      "loops": [
        {
          "is_outer": true,
          "edge_reference_keys": [
            "AQQBABAAAAAAAAAAAgAAAA0AAAAGAAAA"
          ]
        },
        {
          "is_outer": true,
          "edge_reference_keys": [
            "AQQBABAAAAAAAAAAAgAAAAcAAAAGAAAA"
          ]
        }
      ]
    },
    {
      "transient_key": 69,
      "reference_key_string": "AQQDACAAAAAAAAAAAgAAAAgAAAADAAAACgAAAAYAAAAQAAAABgAAAA==",
      "surface_type": "kConeSurface",
      "area_cm2": 2.66572976289502,
      "normal": [
        0.70710678118654757,
        0.0,
        -0.70710678118654735
      ],
      "center": [
        1.5,
        0.0,
        0.35000000000000003
      ],
      "radius_cm": 1.5,
      "half_angle_rad": 0.78539816339744828,
      "axis": [
        0.0,
        0.0,
        1.0
      ],
      "bbox_min": {
        "x": -1.6,
        "y": -1.6,
        "z": 0.25
      },
      "bbox_max": {
        "x": 1.6,
        "y": 1.6,
        "z": 0.45
      },
      "created_by_feature": "Chamfer1",
      "loops": [
        {
          "is_outer": true,
          "edge_reference_keys": [
            "AQQBABAAAAAAAAAAAgAAAAoAAAAGAAAA"
          ]
        },
        {
          "is_outer": true,
          "edge_reference_keys": [
            "AQQBABAAAAAAAAAAAgAAABAAAAAGAAAA"
          ]
        }
      ]
    },
    {
      "transient_key": 68,
      "reference_key_string": "AQQDACAAAAAAAAAAAgAAAA4AAAADAAAAEwAAAAYAAAAQAAAABgAAAA==",
      "surface_type": "kCylinderSurface",
      "area_cm2": 18.095573684677213,
      "normal": [
        1.0,
        0.0,
        0.0
      ],
      "center": [
        1.6,
        0.0,
        1.35
      ],
      "radius_cm": 1.6,
      "axis": [
        0.0,
        0.0,
        1.0
      ],
      "bbox_min": {
        "x": -1.6,
        "y": -1.6,
        "z": 0.45
      },
      "bbox_max": {
        "x": 1.6,
        "y": 1.6,
        "z": 2.25
      },
      "created_by_feature": "Extrusion2",
      "loops": [
        {
          "is_outer": true,
          "edge_reference_keys": [
            "AQQBABAAAAAAAAAAAgAAABMAAAAGAAAA"
          ]
        },
        {
          "is_outer": true,
          "edge_reference_keys": [
            "AQQBABAAAAAAAAAAAgAAABAAAAAGAAAA"
          ]
        }
      ]
    },
    {
      "transient_key": 41,
      "reference_key_string": "AQQDACAAAAAAAAAAAgAAABQAAAADAAAAFgAAAAYAAAAYAAAABgAAAA==",
      "surface_type": "kCylinderSurface",
      "area_cm2": 13.430308594096367,
      "normal": [
        1.0,
        0.0,
        0.0
      ],
      "center": [
        -0.95000000000000007,
        0.0,
        1.125
      ],
      "radius_cm": 0.95000000000000007,
      "axis": [
        0.0,
        0.0,
        1.0
      ],
      "bbox_min": {
        "x": -0.95000000000000007,
        "y": -0.95000000000000007,
        "z": 0.0
      },
      "bbox_max": {
        "x": 0.95000000000000007,
        "y": 0.95000000000000007,
        "z": 2.25
      },
      "created_by_feature": "Extrusion2",
      "loops": [
        {
          "is_outer": true,
          "edge_reference_keys": [
            "AQQBABAAAAAAAAAAAgAAABYAAAAGAAAA"
          ]
        },
        {
          "is_outer": true,
          "edge_reference_keys": [
            "AQQBABAAAAAAAAAAAgAAABgAAAAGAAAA"
          ]
        }
      ]
    },
    {
      "transient_key": 43,
      "reference_key_string": "AQQDACAAAAAAAAAAAgAAABIAAAADAAAAEwAAAAYAAAAWAAAABgAAAA==",
      "surface_type": "kPlaneSurface",
      "area_cm2": 5.2071898233250824,
      "normal": [
        0.0,
        0.0,
        1.0
      ],
      "center": [
        -2.2204460492503131E-16,
        -2.2204460492503131E-16,
        2.25
      ],
      "bbox_min": {
        "x": -1.6,
        "y": -1.6,
        "z": 2.25
      },
      "bbox_max": {
        "x": 1.6,
        "y": 1.6,
        "z": 2.25
      },
      "created_by_feature": "Extrusion2",
      "loops": [
        {
          "is_outer": true,