{
  "part_metadata": {
    "file_name": "9097556905-M8.ipt",
    "full_path": "C:\\Users\\hrish\\Downloads\\Assemblies for Training ML model\\Assembly 62\\Workspaces\\9097556905-M1\\9097556905-M8.ipt",
    "internal_name": "{51C97397-4E44-0F8A-B67D-D6A151368B5D}",
    "units": "kMillimeterLengthUnits",
    "part_number": "9097556905-M8",
    "description": "",
    "material": "0011 1233 05",
    "mass_kg": 0.23834795981651538
  },
  "context_key_string": "nsIrpNQR6AFgAC2z7in7sAQAAB5AAADIMgIotS/9IIFFAwBkBQABAADtN0PA0xEdDmAAALgylIewAAABAQAAsS28CdARH+wACNywOz6oCQIBAACyBAAAAFQAZQBzAHQAQX58rs1HoBixD8q3CLarqgD/////AAAAAAAABgBICM1Q4SAAYOo/XxjmxA==",
  "bounding_box": {
    "min": {
      "x": -1.1,
      "y": -15.600000000000001,
      "z": -1.1
    },
    "max": {
      "x": 3.4000000000000035,
      "y": 0.0,
      "z": 1.1
    }
  },
  "faces": [
    {
      "transient_key": 274,
      "reference_key_string": "AQQDACAAAAAAAAAAAgAAAAEAAAADAAAABAAAAAYAAAAHAAAABgAAAA==",
      "surface_type": "kCylinderSurface",
      "area_cm2": 6.0318578948924007,
      "normal": [
        1.4802973661668762E-15,
        -1.0,
        0.0
      ],
      "center": [
        2.8000000000000007,
        -13.700000000000001,
        0.0
      ],
      "radius_cm": 0.8,
      "axis": [
        1.0,
        1.4802973661668764E-15,
        0.0
      ],
      "bbox_min": {
        "x": 2.2000000000000024,
        "y": -15.300000000000002,
        "z": -0.8
      },
      "bbox_max": {
        "x": 3.4000000000000035,
        "y": -13.7,
        "z": 0.8
      },
      "created_by_feature": "Sweep1",
      "loops": [
        {
          "is_outer": true,
          "edge_reference_keys": [
            "AQQBABAAAAAAAAAAAgAAAAQAAAAGAAAA"
          ]
        },
        {
          "is_outer": true,
          "edge_reference_keys": [
            "AQQBABAAAAAAAAAAAgAAAAcAAAAGAAAA"
          ]
        }
      ]
    },
    {
      "transient_key": 293,
      "reference_key_string": "AQQDACAAAAAAAAAAAgAAAAYAAAADAAAABwAAAAYAAAAKAAAABgAAAA==",
      "surface_type": "kTorusSurface",
      "area_cm2": 17.370503745917276,
      "normal": [
        0.70710678118654735,
        0.70710678118654768,
        0.0
      ],
      "center": [
        0.078679656440359125,
        -14.421320343559644,
        0.0
      ],
      "radius_cm": 2.2000000000000006,
      "minor_radius_cm": 0.8,
      "axis": [
        0.0,
        0.0,
        1.0
      ],
      "bbox_min": {
        "x": -0.79999999999999871,
        "y": -15.300000000000002,
        "z": -0.8
      },
      "bbox_max": {
        "x": 2.2000000000000028,
        "y": -12.3,
        "z": 0.8
      },
      "created_by_feature": "Sweep1",
      "loops": [
        {
          "is_outer": true,
          "edge_reference_keys": [
            "AQQBABAAAAAAAAAAAgAAAAcAAAAGAAAA"
          ]
        },
        {
          "is_outer": true,
          "edge_reference_keys": [
            "AQQBABAAAAAAAAAAAgAAAAoAAAAGAAAA"
          ]
        }
      ]
    },
    {
      "transient_key": 280,
      "reference_key_string": "AQQDACAAAAAAAAAAAgAAAAkAAAADAAAACgAAAAYAAAANAAAABgAAAA==",
      "surface_type": "kCylinderSurface",
      "area_cm2": 61.826543422647148,
      "normal": [
        -1.0,
        -1.0831444142684454E-16,
        0.0
      ],
      "center": [
        0.80000000000000071,
        -6.15,
        0.0
      ],
      "radius_cm": 0.8,
      "axis": [
        1.0831444142684455E-16,
        -1.0,
        0.0
      ],
      "bbox_min": {
        "x": -0.8,
        "y": -12.3,
        "z": -0.8
      },
      "bbox_max": {
        "x": 0.80000000000000138,
        "y": 0.0,
        "z": 0.8
      },
      "created_by_feature": "Sweep1",
      "loops": [
        {
          "is_outer": true,
          "edge_reference_keys": [
            "AQQBABAAAAAAAAAAAgAAAAoAAAAGAAAA"
          ]
        },
        {
          "is_outer": true,
          "edge_reference_keys": [
            "AQQBABAAAAAAAAAAAgAAAA0AAAAGAAAA"
          ]
        }
      ]
    },
    {
      "transient_key": 275,
      "reference_key_string": "AQQDACAAAAAAAAAAAgAAAA4AAAADAAAAEAAAAAYAAAATAAAABgAAAA==",
      "surface_type": "kCylinderSurface",
      "area_cm2": 8.29380460547705,
      "normal": [
        -1.4802973661668764E-15,
        1.0,
        0.0
      ],
      "center": [
        2.8000000000000007,
        -13.400000000000002,
        0.0
      ],
      "radius_cm": 1.1,
      "axis": [
        1.0,
        1.4802973661668764E-15,
        0.0
      ],
      "bbox_min": {
        "x": 2.2000000000000024,
        "y": -15.600000000000001,
        "z": -1.1
      },
      "bbox_max": {
        "x": 3.4000000000000026,
        "y": -13.4,
        "z": 1.1
      },
      "created_by_feature": "Sweep1",
      "loops": [
        {
          "is_outer": true,
          "edge_reference_keys": [
            "AQQBABAAAAAAAAAAAgAAABAAAAAGAAAA"
          ]
        },
        {
          "is_outer": true,
          "edge_reference_keys": [
            "AQQBABAAAAAAAAAAAgAAABMAAAAGAAAA"
          ]
        }
      ]
    },
    {
      "transient_key": 294,
      "reference_key_string": "AQQDACAAAAAAAAAAAgAAABIAAAADAAAAEwAAAAYAAAAWAAAABgAAAA==",
      "surface_type": "kTorusSurface",
      "area_cm2": 23.884442650636259,
      "normal": [
        -0.70710678118654746,
        -0.70710678118654746,
        0.0
      ],
      "center": [
        -0.13345237791560516,
        -14.633452377915608,
        0.0
      ],
      "radius_cm": 2.2000000000000006,
      "minor_radius_cm": 1.1,
      "axis": [
        0.0,
        0.0,
        1.0
      ],
      "bbox_min": {
        "x": -1.0999999999999988,
        "y": -15.600000000000001,
        "z": -1.1
      },
      "bbox_max": {
        "x": 2.2000000000000033,
        "y": -12.3,
        "z": 1.1
      },
      "created_by_feature": "Sweep1",
      "loops": [
        {
          "is_outer": true,
          "edge_reference_keys": [
            "AQQBABAAAAAAAAAAAgAAABMAAAAGAAAA"
          ]
        },
        {
          "is_outer": true,
          "edge_reference_keys": [
            "AQQBABAAAAAAAAAAAgAAABYAAAAGAAAA"
          ]
        }
      ]
    },
    {
      "transient_key": 278,
      "reference_key_string": "AQQDACAAAAAAAAAAAgAAABUAAAADAAAAFgAAAAYAAAAYAAAABgAAAA==",
      "surface_type": "kCylinderSurface",
      "area_cm2": 85.011497206139808,
      "normal": [
        1.0,
        1.0831444142684456E-16,
        0.0
      ],
      "center": [
        1.1000000000000008,
        -6.15,
        0.0
      ],
      "radius_cm": 1.1,
      "axis": [
        1.0831444142684455E-16,
        -1.0,
        0.0
      ],
      "bbox_min": {
        "x": -1.1,
        "y": -12.3,
        "z": -1.1
      },
      "bbox_max": {
        "x": 1.1000000000000014,
        "y": 0.0,
        "z": 1.1
      },
      "created_by_feature": "Sweep1",
      "loops": [
        {
          "is_outer": true,
          "edge_reference_keys": [
            "AQQBABAAAAAAAAAAAgAAABYAAAAGAAAA"
          ]
        },
        {
          "is_outer": true,
          "edge_reference_keys": [
            "AQQBABAAAAAAAAAAAgAAABgAAAAGAAAA"
          ]
        }
      ]
    },
    {
      "transient_key": 276,
      "reference_key_string": "AQQDACAAAAAAAAAAAgAAAAIAAAADAAAABAAAAAYAAAAQAAAABgAAAA==",
      "surface_type": "kPlaneSurface",
      "area_cm2": 1.7907078125461826,
      "normal": [
        1.0,
        3.8285686989269494E-16,
        0.0
      ],
      "center": [
        3.4000000000000021,
        -14.5,
        0.0
      ],
      "bbox_min": {
        "x": 3.4000000000000008,
        "y": -15.6,
        "z": -1.1
      },