{
  "part_metadata": {
    "file_name": "9097512440-P9.ipt",
    "full_path": "C:\\Users\\hrish\\Downloads\\Assemblies for Training ML model\\Assembly 56\\Workspaces\\9097512440\\9097512440-P9.ipt",
    "internal_name": "{2B6A5868-430A-AB6F-88BD-39B334FB3BB3}",
    "units": "kMillimeterLengthUnits",
    "part_number": "9097512440-P9",
    "description": "",
    "material": "0011 9039 90",
    "mass_kg": 0.4416543636948872
  },
  "context_key_string": "nsIrpNQR6AFgAC2z7in7sAQAAB5AAADIMgIotS/9IIFFAwBkBQABAADtN0PA0xEdDmAAALgylIewAAABAQAAsS28CdARH+wACNywOz6oCQIBAACyBAAAAFQAZQBzAHQAuz/FgHZFIsrV7mOFsQ71nAD/////AAAAAAAABgBICM1Q4SAAYOo/XxjmxA==",
  "bounding_box": {
    "min": {
      "x": -2.0000000000000004,
      "y": -2.0,
      "z": -3.9064462726567989E-10
    },
    "max": {
      "x": 2.0000000000000004,
      "y": 2.0,
      "z": 9.0
    }
  },
  "faces": [
    {
      "transient_key": 229,
      "reference_key_string": "AQQDACAAAAAAAAAAAgAAAAEAAAADAAAABAAAAAYAAAAHAAAABgAAAA==",
      "surface_type": "kConeSurface",
      "area_cm2": 1.1159189075772349,
      "normal": [
        0.70710678118654591,
        0.0,
        0.707106781186549
      ],
      "center": [
        -1.2558500000000008,
        0.0,
        8.95
      ],
      "radius_cm": 1.2558500000000001,
      "half_angle_rad": 0.78539816339745039,
      "axis": [
        0.0,
        0.0,
        1.0
      ],
      "bbox_min": {
        "x": -1.3058500000000002,
        "y": -1.3058500000000002,
        "z": 8.9
      },
      "bbox_max": {
        "x": 1.3058500000000002,
        "y": 1.3058500000000002,
        "z": 9.0
      },
      "created_by_feature": "Chamfer1",
      "loops": [
        {
          "is_outer": true,
          "edge_reference_keys": [
            "AQQBABAAAAAAAAAAAgAAAAQAAAAGAAAA"
          ]
        },
        {
          "is_outer": true,
          "edge_reference_keys": [
            "AQQBABAAAAAAAAAAAgAAAAcAAAAGAAAA"
          ]
        }
      ]
    },
    {
      "transient_key": 227,
      "reference_key_string": "AQQDACAAAAAAAAAAAgAAAAIAAAADAAAACgAAAAYAAAAEAAAABgAAAA==",
      "surface_type": "kCylinderSurface",
      "area_cm2": 52.575009925662755,
      "normal": [
        -1.0,
        0.0,
        0.0
      ],
      "center": [
        1.20585,
        0.0,
        4.8275005449942814
      ],
      "radius_cm": 1.20585,
      "axis": [
        0.0,
        0.0,
        1.0
      ],
      "bbox_min": {
        "x": -1.20585,
        "y": -1.20585,
        "z": 0.75500109028926121
      },
      "bbox_max": {
        "x": 1.20585,
        "y": 1.20585,
        "z": 8.9
      },
      "created_by_feature": "Hole1",
      "loops": [
        {
          "is_outer": true,
          "edge_reference_keys": [
            "AQQBABAAAAAAAAAAAgAAAAoAAAAGAAAA"
          ]
        },
        {
          "is_outer": true,
          "edge_reference_keys": [
            "AQQBABAAAAAAAAAAAgAAAAQAAAAGAAAA"
          ]
        }
      ]
    },
    {
      "transient_key": 228,
      "reference_key_string": "AQQDACAAAAAAAAAAAgAAAAUAAAADAAAADQAAAAYAAAAHAAAABgAAAA==",
      "surface_type": "kPlaneSurface",
      "area_cm2": 7.2091878923767325,
      "normal": [
        0.0,
        0.0,
        1.0
      ],
      "center": [
        0.0,
        0.0,
        9.0
      ],
      "bbox_min": {
        "x": -2.0,
        "y": -2.0,
        "z": 9.0
      },
      "bbox_max": {
        "x": 2.0,
        "y": 2.0,
        "z": 9.0
      },
      "created_by_feature": "Extrusion2",
      "loops": [
        {
          "is_outer": true,
          "edge_reference_keys": [
            "AQQBABAAAAAAAAAAAgAAAA0AAAAGAAAA"
          ]
        },
        {
          "is_outer": false,
          "edge_reference_keys": [
            "AQQBABAAAAAAAAAAAgAAAAcAAAAGAAAA"
          ]
        }
      ]
    },
    {
      "transient_key": 216,
      "reference_key_string": "AQQEACgAAAAAAAAAAgAAAAgAAAADAAAACgAAAAYAAAARAAAABgAAABIAAAAGAAAA",
      "surface_type": "kPlaneSurface",
      "area_cm2": 11.282123990023353,
      "normal": [
        1.4595354070519195E-09,
        0.70710678118654924,
        -0.70710678118654591
      ],
      "center": [
        -6.5989848374886726E-09,
        0.019574457021011682,
        1.9804255473102756
      ],
      "bbox_min": {
        "x": -2.0000000000000004,
        "y": -1.9608510914927006,
        "z": -3.9064462726567989E-10
      },
      "bbox_max": {
        "x": 2.0000000000000004,
        "y": 1.9999999999999998,
        "z": 3.9608510902892746
      },
      "created_by_feature": "Extrusion6",
      "loops": [
        {
          "is_outer": false,
          "edge_reference_keys": [
            "AQQBABAAAAAAAAAAAgAAAAoAAAAGAAAA"
          ]
        },
        {
          "is_outer": true,
          "edge_reference_keys": [
            "AQQBABAAAAAAAAAAAgAAABEAAAAGAAAA",
            "AQQBABAAAAAAAAAAAgAAABIAAAAGAAAA"
          ]
        }
      ]
    },
    {
      "transient_key": 217,
      "reference_key_string": "AQQDACAAAAAAAAAAAgAAAA4AAAADAAAAEgAAAAYAAAATAAAABgAAAA==",
      "surface_type": "kPlaneSurface",
      "area_cm2": 0.02059533964595885,
      "normal": [
        0.0,
        0.0,
        -1.0
      ],
      "center": [
        -4.0473823736952852E-09,
        -2.0003908087527273,
        0.0
      ],
      "bbox_min": {
        "x": -0.3937804018726685,
        "y": -2.0,
        "z": 0.0
      },
      "bbox_max": {
        "x": 0.39378039377790364,
        "y": -1.9608510894764548,
        "z": 1.7763568394002505E-15
      },
      "created_by_feature": "Extrusion2",
      "loops": [
        {
          "is_outer": true,
          "edge_reference_keys": [
            "AQQBABAAAAAAAAAAAgAAABIAAAAGAAAA",
            "AQQBABAAAAAAAAAAAgAAABMAAAAGAAAA"
          ]
        }
      ]
    },
    {
      "transient_key": 219,
      "reference_key_string": "AQQEACgAAAAAAAAAAgAAAAsAAAADAAAAEQAAAAYAAAATAAAABgAAAA0AAAAGAAAA",
      "surface_type": "kCylinderSurface",
      "area_cm2": 88.435877632785136,
      "normal": [
        -1.0,
        0.0,
        0.0
      ],
      "center": [
        -2.0,
        0.0,
        4.499999999804678
      ],
      "radius_cm": 2.0,
      "axis": [
        0.0,
        0.0,
        1.0
      ],
      "bbox_min": {
        "x": -2.0000000000000004,
        "y": -2.0,
        "z": -3.9064462726567989E-10
      },
      "bbox_max": {
        "x": 2.0000000000000004,
        "y": 2.0,
        "z": 9.0
      },
      "created_by_feature": "Extrusion2",
      "loops": [
        {
          "is_outer": true,
          "edge_reference_keys": [
            "AQQBABAAAAAAAAAAAgAAABEAAAAGAAAA",
            "AQQBABAAAAAAAAAAAgAAABMAAAAGAAAA"
          ]
        },
        {
          "is_outer": true,
          "edge_reference_keys": [
            "AQQBABAAAAAAAAAAAgAAAA0AAAAGAAAA"
          ]
        }
      ]
    }
  ],
  "edges": [
    {
      "transient_key": 231,
      "reference_key_string": "AQQBABAAAAAAAAAAAgAAAAQAAAAGAAAA",
      "curve_type": "kCircleCurve",
      "length_cm": 7.5765790026625046,
      "midpoint": [
        -1.20585,
        0.0,
        8.9
      ],
      "tangent": [
        0.0,
        1.0,
        0.0
      ],
      "start_vertex": [
        1.20585,
        -1.4767403427518359E-16,
        8.9
      ],
      "end_vertex": [
        1.20585,
        -1.4767403427518359E-16,
        8.9
      ],
      "radius_cm": 1.20585,
      "adjacent_faces": [
        "AQQDACAAAAAAAAAAAgAAAAIAAAADAAAACgAAAAYAAAAEAAAABgAAAA==",
        "AQQDACAAAAAAAAAAAgAAAAEAAAADAAAABAAAAAYAAAAHAAAABgAAAA=="
      ]
    },
    {
      "transient_key": 230,