{
  "part_metadata": {
    "file_name": "9097554323-M7.ipt",
    "full_path": "C:\\Users\\hrish\\Downloads\\Assemblies for Training ML model\\Assembly 60\\Workspaces\\9097554323-M1\\9097554323-M7.ipt",
    "internal_name": "{515AD7DC-4576-CDD9-226F-40A65A31F45E}",
    "units": "kMillimeterLengthUnits",
    "part_number": "9097554323-M7",
    "description": "",
    "material": "See drawing",
    "mass_kg": 0.00010554175174117686
  },
  "context_key_string": "nsIrpNQR6AFgAC2z7in7sAQAAB5AAADIMgIotS/9IIFFAwBkBQABAADtN0PA0xEdDmAAALgylIewAAABAQAAsS28CdARH+wACNywOz6oCQIBAACyBAAAAFQAZQBzAHQAl0zZrLtDZT9O9GC3x1EedwD/////AAAAAAAABgBICM1Q4SAAYOo/XxjmxA==",
  "bounding_box": {
    "min": {
      "x": -7.5,
      "y": 0.02501564456182237,
      "z": -7.5
    },
    "max": {
      "x": 7.5,
      "y": 6.04,
      "z": 7.5
    }
  },
  "faces": [
    {
      "transient_key": 70,
      "reference_key_string": "AQQDACAAAAAAAAAAAgAAAAEAAAADAAAABAAAAAYAAAAHAAAABgAAAA==",
      "surface_type": "kCylinderSurface",
      "area_cm2": 1.8873522312230486,
      "normal": [
        1.0,
        0.0,
        0.0
      ],
      "center": [
        -1.0,
        0.17520636303915538,
        0.0
      ],
      "radius_cm": 1.0,
      "axis": [
        0.0,
        1.0,
        0.0
      ],
      "bbox_min": {
        "x": -1.0,
        "y": 0.02501564456182237,
        "z": -1.0
      },
      "bbox_max": {
        "x": 1.0,
        "y": 0.32539708151648838,
        "z": 1.0
      },
      "created_by_feature": "Hole1",
      "loops": [
        {
          "is_outer": true,
          "edge_reference_keys": [
            "AQQBABAAAAAAAAAAAgAAAAQAAAAGAAAA"
          ]
        },
        {
          "is_outer": true,
          "edge_reference_keys": [
            "AQQBABAAAAAAAAAAAgAAAAcAAAAGAAAA"
          ]
        }
      ]
    },
    {
      "transient_key": 73,
      "reference_key_string": "AQQDACAAAAAAAAAAAgAAAAIAAAADAAAABAAAAAYAAAAKAAAABgAAAA==",
      "surface_type": "kSphereSurface",
      "area_cm2": 83.837548770148686,
      "normal": [
        0.00188716271454712,
        0.99999807522335249,
        0.00053681139989500784
      ],
      "center": [
        -0.037177105476578265,
        0.30003791809995661,
        -0.010575184577931654
      ],
      "radius_cm": 19.7,
      "bbox_min": {
        "x": -5.21470588235294,
        "y": 0.32539708151648838,
        "z": -5.21470588235294
      },
      "bbox_max": {
        "x": 5.21470588235294,
        "y": 1.0027148634192065,
        "z": 5.21470588235294
      },
      "created_by_feature": "Revolution1",
      "loops": [
        {
          "is_outer": false,
          "edge_reference_keys": [
            "AQQBABAAAAAAAAAAAgAAAAQAAAAGAAAA"
          ]
        },
        {
          "is_outer": true,
          "edge_reference_keys": [
            "AQQBABAAAAAAAAAAAgAAAAoAAAAGAAAA"
          ]
        }
      ]
    },
    {
      "transient_key": 75,
      "reference_key_string": "AQQDACAAAAAAAAAAAgAAAAkAAAADAAAADQAAAAYAAAAKAAAABgAAAA==",
      "surface_type": "kTorusSurface",
      "area_cm2": 143.63464288605542,
      "normal": [
        0.0,
        0.60633906259083237,
        0.79520622556445741
      ],
      "center": [
        0.0,
        1.9692882202497521,
        -6.6470568090240345
      ],
      "radius_cm": 4.5,
      "minor_radius_cm": -2.6999999999999993,
      "axis": [
        0.0,
        -1.0,
        0.0
      ],
      "bbox_min": {
        "x": -7.1999999999999993,
        "y": 1.0027148634192065,
        "z": -7.1999999999999993
      },
      "bbox_max": {
        "x": 7.1999999999999993,
        "y": 3.6064036892449995,
        "z": 7.1999999999999993
      },
      "created_by_feature": "Revolution1",
      "loops": [
        {
          "is_outer": true,
          "edge_reference_keys": [
            "AQQBABAAAAAAAAAAAgAAAA0AAAAGAAAA"
          ]
        },
        {
          "is_outer": true,
          "edge_reference_keys": [
            "AQQBABAAAAAAAAAAAgAAAAoAAAAGAAAA"
          ]
        }
      ]
    },
    {
      "transient_key": 77,
      "reference_key_string": "AQQDACAAAAAAAAAAAgAAAAwAAAADAAAAEAAAAAYAAAANAAAABgAAAA==",
      "surface_type": "kCylinderSurface",
      "area_cm2": 110.09330340006431,
      "normal": [
        1.0,
        0.0,
        -1.2246467991473532E-16
      ],
      "center": [
        -7.1999999999999993,
        4.8232018446225,
        8.8174569538609423E-16
      ],
      "radius_cm": 7.1999999999999993,
      "axis": [
        0.0,
        -1.0,
        0.0
      ],
      "bbox_min": {
        "x": -7.1999999999999993,
        "y": 3.6064036892449995,
        "z": -7.1999999999999993
      },
      "bbox_max": {
        "x": 7.1999999999999993,
        "y": 6.04,
        "z": 7.1999999999999993
      },
      "created_by_feature": "Revolution1",
      "loops": [
        {
          "is_outer": true,
          "edge_reference_keys": [
            "AQQBABAAAAAAAAAAAgAAABAAAAAGAAAA"
          ]
        },
        {
          "is_outer": true,
          "edge_reference_keys": [
            "AQQBABAAAAAAAAAAAgAAAA0AAAAGAAAA"
          ]
        }
      ]
    },
    {
      "transient_key": 79,
      "reference_key_string": "AQQDACAAAAAAAAAAAgAAAA8AAAADAAAAEwAAAAYAAAAQAAAABgAAAA==",
      "surface_type": "kPlaneSurface",
      "area_cm2": 13.854423602331025,
      "normal": [
        0.0,
        1.0,
        0.0
      ],
      "center": [
        -8.8817841970012523E-16,
        6.04,
        0.0
      ],
      "bbox_min": {
        "x": -7.5,
        "y": 6.04,
        "z": -7.5
      },
      "bbox_max": {
        "x": 7.5,
        "y": 6.04,
        "z": 7.5
      },
      "created_by_feature": "Revolution1",
      "loops": [
        {
          "is_outer": true,
          "edge_reference_keys": [
            "AQQBABAAAAAAAAAAAgAAABMAAAAGAAAA"
          ]
        },
        {
          "is_outer": false,
          "edge_reference_keys": [
            "AQQBABAAAAAAAAAAAgAAABAAAAAGAAAA"
          ]
        }
      ]
    },
    {
      "transient_key": 81,
      "reference_key_string": "AQQDACAAAAAAAAAAAgAAABIAAAADAAAAFgAAAAYAAAATAAAABgAAAA==",
      "surface_type": "kCylinderSurface",
      "area_cm2": 114.68052437506702,
      "normal": [
        -1.0,
        0.0,
        1.2246467991473532E-16
      ],
      "center": [
        -7.5,
        4.8232018446224991,
        9.18485099360515E-16
      ],
      "radius_cm": 7.5,
      "axis": [
        0.0,
        -1.0,
        0.0
      ],
      "bbox_min": {
        "x": -7.5,
        "y": 3.6064036892449991,
        "z": -7.5
      },
      "bbox_max": {
        "x": 7.5,
        "y": 6.04,
        "z": 7.5
      },
      "created_by_feature": "Revolution1",
      "loops": [
        {
          "is_outer": true,
          "edge_reference_keys": [
            "AQQBABAAAAAAAAAAAgAAABYAAAAGAAAA"
          ]
        },
        {
          "is_outer": true,
          "edge_reference_keys": [
            "AQQBABAAAAAAAAAAAgAAABMAAAAGAAAA"
          ]
        }
      ]
    },
    {
      "transient_key": 83,
      "reference_key_string": "AQQDACAAAAAAAAAAAgAAABUAAAADAAAAGAAAAAYAAAAWAAAABgAAAA==",
      "surface_type": "kTorusSurface",
      "area_cm2": 165.04720077613814,
      "normal": [
        0.0,
        -0.60633906259083248,
        -0.7952062255644573
      ],
      "center": [
        0.0,
        1.7873865014725019,
        -6.8856186766933716
      ],
      "radius_cm": 4.5,
      "minor_radius_cm": 2.9999999999999996,
      "axis": [
        0.0,
        -1.0,
        0.0
      ],
      "bbox_min": {
        "x": -7.5,
        "y": 0.71341610499411612,
        "z": -7.5
      },